Source File	Size	loadResources	load-configure	scan	loadDepInfo	loadInfo	load	generateSnapshots	checkR4R4B	generateNarratives	validate	loadLists	checkConformanceResources	checkConformanceResources2	checkConformanceResources3	generateLogicalMaps	validateExpressions	scanForUsageStats	checkURLsUnique	processProvenanceDetails	generate1	generate2	responsesForQuestionnaire	generateLogicals	makeDependencies	generateExampleZip	generateValidationPack	scanProfilesForR5	scanExamplesForR5
/input/anc-cds.xml	14857	-	0	0	0	0	0	0	42	86	0	0	0	0	0	0	0	1	0	0	332	386	0	0	0	1	11	0	3
input/resources/library/library-fhircommon.json	1803134	18	0	0	0	0	0	0	0	292	0	0	0	0	0	0	0	0	0	0	8467	238	0	0	0	0	100	0	0
input/resources/library/library-fhirhelpers.json	3350392	25	0	0	0	0	0	0	0	140	0	0	0	0	0	0	0	1	0	0	15823	329	0	0	0	0	153	0	0
input/resources/library/library-hivb2dt.json	364415	9	0	0	0	0	0	0	0	253	0	0	0	0	0	0	0	0	0	0	1720	63	0	0	0	0	20	0	1
input/resources/library/library-hivb7dt.json	1069178	13	0	0	0	0	0	0	0	200	0	0	0	0	0	0	0	0	0	0	5001	135	0	0	0	0	63	0	0
input/resources/library/library-hivind18.json	63373	10	0	0	0	0	0	0	1	125	0	0	0	0	0	0	0	0	0	0	350	21	0	0	0	0	3	0	0
input/resources/library/library-hivind19.json	84573	10	0	0	0	0	0	0	0	124	0	0	0	0	0	0	0	0	0	0	445	23	0	0	0	0	4	0	0
input/resources/library/library-hivind20.json	85937	9	0	0	0	0	0	0	0	117	0	0	0	0	0	0	0	0	0	0	476	22	0	0	0	0	4	0	0
input/resources/library/library-hivind27.json	164413	8	0	0	0	0	0	0	0	122	0	0	0	0	0	0	0	0	0	0	792	33	0	0	0	0	9	0	0
input/resources/library/library-hivind28.json	223917	8	1	0	0	0	0	0	1	130	0	0	0	0	0	0	0	0	0	0	1064	39	0	0	0	0	13	0	0
input/resources/library/library-hivind30.json	86549	8	0	0	0	0	0	0	0	118	0	0	0	0	0	0	0	0	0	0	474	22	0	0	0	0	5	0	0
input/resources/library/library-hivindicatorcommon.json	3175560	24	0	0	0	0	0	0	0	211	0	0	0	0	0	0	0	0	0	0	14813	504	0	0	0	0	170	0	0
input/resources/library/library-whocommon.json	411160	10	0	0	0	0	0	0	0	38	0	0	0	0	0	0	0	0	0	0	1880	52	0	0	0	0	22	0	0
input/resources/plandefinition/plandefinition-HIVB2DT.json	9126	8	0	0	0	0	0	0	1	210	0	0	0	0	0	0	0	0	0	0	49	20	0	0	0	0	1	0	0
input/resources/plandefinition/plandefinition-HIVB7DT.json	12852	7	0	0	0	0	0	0	0	193	0	0	0	0	0	0	0	0	0	0	61	19	0	0	0	0	0	0	1
input/resources/plandefinition/plandefinition-HIVB9DT.json	17328	66	0	0	0	0	0	0	1	205	0	0	0	0	0	0	0	1	0	0	75	20	0	0	0	0	1	0	1
input/resources/plandefinition/plandefinition-HIVC23DT.json	1183	8	0	0	0	0	0	0	0	76	0	0	0	0	0	0	0	0	0	0	24	15	0	0	0	0	0	0	0
input/resources/plandefinition/plandefinition-HIVC7DT.json	38132	8	0	0	0	0	0	0	1	292	0	0	0	0	0	0	0	0	0	0	132	22	0	0	0	0	1	0	2
input/resources/plandefinition/plandefinition-HIVD12DT.json	63942	9	0	0	0	0	0	0	0	369	0	0	0	0	0	0	0	0	0	0	241	26	0	0	0	0	2	0	2
input/resources/plandefinition/plandefinition-HIVD15DT.json	1227	7	1	0	0	0	0	0	1	74	0	0	0	0	0	0	0	0	0	0	26	15	0	0	0	0	0	0	0
input/resources/plandefinition/plandefinition-HIVD17DT.json	9870	7	0	0	0	0	0	0	0	145	0	0	0	0	0	0	0	0	0	0	51	17	0	0	0	0	1	0	0
input/resources/plandefinition/plandefinition-HIVD211DT.json	1193	7	0	0	0	0	0	0	0	73	0	0	0	0	0	0	0	0	0	0	26	19	0	0	0	0	0	0	0
input/resources/plandefinition/plandefinition-HIVD212DT.json	55230	10	0	0	0	0	0	0	2	765	0	0	0	0	0	0	0	0	0	0	221	32	0	0	0	0	2	0	5
input/resources/plandefinition/plandefinition-HIVD4DT.json	5046	8	0	0	0	0	0	0	1	104	0	0	0	0	0	0	0	0	0	0	44	17	0	0	0	0	0	0	1
input/resources/plandefinition/plandefinition-HIVE12DT.json	12043	7	0	0	0	0	0	0	0	170	0	0	0	0	0	0	0	0	0	0	58	18	0	0	0	0	1	0	0
input/resources/plandefinition/plandefinition-HIVE4DT.json	38487	8	0	0	0	0	0	0	1	364	0	0	0	0	0	0	0	0	0	0	148	22	0	0	0	0	1	0	2
input/resources/questionnaire/questionnaire-HIV.ARegistration.json	8384	10	0	0	0	0	0	0	1	37	0	0	0	0	0	0	0	0	0	0	164	31	0	0	0	0	2	0	0
input/resources/questionnaire/questionnaire-HIV.BHTSvisit.json	29384	11	1	0	0	0	0	0	1	53	0	0	0	0	0	0	0	0	0	0	573	84	0	0	0	0	8	0	0
input/resources/questionnaire/questionnaire-HIV.CPrEPvisit.json	14337	8	0	0	0	0	0	0	1	32	0	0	0	0	0	0	0	0	0	0	273	53	0	0	0	0	4	0	1
input/resources/questionnaire/questionnaire-HIV.Configuration.json	6558	7	0	0	0	0	0	0	0	17	0	0	0	0	0	0	0	0	0	0	123	45	0	0	0	0	1	0	0
input/resources/questionnaire/questionnaire-HIV.DCare-Treatment.json	61728	13	0	0	0	0	0	0	3	74	0	0	0	0	0	0	0	1	0	0	1157	129	0	0	0	0	17	0	0
input/resources/questionnaire/questionnaire-HIV.DHIV-TB.json	9708	8	0	0	0	0	0	0	0	24	0	0	0	0	0	0	0	0	0	0	192	38	0	0	0	0	3	0	0
input/resources/questionnaire/questionnaire-HIV.E-FPMTCT.json	28266	9	1	0	0	0	0	0	2	51	0	0	0	0	0	0	0	0	0	0	545	74	0	0	0	0	8	0	1
input/resources/questionnaire/questionnaire-HIV.GDiagnostics.json	5375	7	0	0	0	0	0	0	0	18	0	0	0	0	0	0	0	0	0	0	113	30	0	0	0	0	2	0	0
input/resources/questionnaire/questionnaire-HIV.HFollow-up.json	6440	7	0	0	0	0	0	0	1	19	0	0	0	0	0	0	0	0	0	0	132	30	0	0	0	0	1	0	0
input/resources/questionnaire/questionnaire-HIV.IReferral.json	4251	7	0	0	0	0	0	0	0	9	0	0	0	0	0	0	0	0	0	0	85	27	0	0	0	0	1	0	0
input/resources/questionnaire/questionnaire-HIV.Prevention.json	4770	8	0	0	0	0	0	0	0	10	0	0	0	0	0	0	0	0	0	0	95	28	0	0	0	0	1	0	0
input/resources/questionnaire/questionnaire-HIV.Surveillance.json	1199	7	0	0	0	0	0	0	0	9	0	0	0	0	0	0	0	0	0	0	34	23	0	0	0	0	1	0	0
input/vocabulary/codesystem/codesystem-concept-codes.json	275835	22	1	0	0	0	0	0	20	216	0	0	2	0	0	0	0	2	0	0	1560	14336	0	0	0	0	44	0	4
input/vocabulary/conceptmap/conceptmap-ICD-10.json	178327	16	0	0	0	0	0	0	18	421	0	0	0	0	0	0	0	1	0	0	1168	288	0	0	0	0	21	0	7
input/vocabulary/conceptmap/conceptmap-ICD-11.json	190781	17	0	0	0	0	0	0	19	146	0	0	0	0	0	0	0	2	0	0	1232	273	0	0	0	0	23	0	7
input/vocabulary/conceptmap/conceptmap-ICF.json	17344	7	0	0	0	0	0	0	2	21	0	0	0	0	0	0	0	0	0	0	128	48	0	0	0	0	1	0	0
input/vocabulary/conceptmap/conceptmap-ICHI.json	79820	11	0	0	0	0	0	0	7	44	0	0	0	0	0	0	0	1	0	0	522	105	0	0	0	0	9	0	3
input/vocabulary/conceptmap/conceptmap-LOINC.json	140152	14	0	0	0	0	0	0	15	43	0	0	0	0	0	0	0	1	0	0	921	187	0	0	0	0	16	0	5
input/vocabulary/valueset/valueset-hiv-a-de19.json	843	7	0	0	0	0	0	0	0	87	0	0	0	0	0	0	0	0	0	0	21	5116	0	0	0	0	0	0	0
input/vocabulary/valueset/valueset-hiv-a-de26.json	671	7	0	0	0	0	0	0	0	43	0	0	0	0	0	0	0	0	0	0	22	237	0	0	0	0	0	0	0
input/vocabulary/valueset/valueset-hiv-a-de31.json	1307	7	0	0	0	0	0	0	0	40	0	0	0	0	0	0	0	0	0	0	24	245	0	0	0	0	0	0	0
input/vocabulary/valueset/valueset-hiv-a-de47.json	688	7	0	0	0	0	0	0	0	44	0	0	0	0	0	0	0	0	0	0	20	227	0	0	0	0	1	0	0
input/vocabulary/valueset/valueset-hiv-a-de6.json	629	7	0	0	0	0	0	0	0	44	0	0	0	0	0	0	0	0	0	0	19	229	0	0	0	0	0	0	0
input/vocabulary/valueset/valueset-hiv-b-de103.json	971	7	1	0	0	0	0	0	0	7	0	0	0	0	0	0	0	0	0	0	21	243	0	0	0	0	0	0	0
input/vocabulary/valueset/valueset-hiv-b-de107.json	997	7	0	0	0	0	0	0	1	7	0	0	0	0	0	0	0	0	0	0	22	235	0	0	0	0	0	0	0
input/vocabulary/valueset/valueset-hiv-b-de112.json	735	7	0	0	0	0	0	0	0	6	0	0	0	0	0	0	0	0	0	0	22	232	0	0	0	0	0	0	0
input/vocabulary/valueset/valueset-hiv-b-de116.json	712	7	0	0	0	0	0	0	0	7	0	0	0	0	0	0	0	0	0	0	20	359	0	0	0	0	0	0	0
input/vocabulary/valueset/valueset-hiv-b-de122.json	1134	7	0	0	0	0	0	0	0	6	0	0	0	0	0	0	0	0	0	0	23	230	0	0	0	0	0	0	0
input/vocabulary/valueset/valueset-hiv-b-de133.json	758	7	0	0	0	0	0	0	0	7	0	0	0	0	0	0	0	0	0	0	20	220	0	0	0	0	1	0	0
input/vocabulary/valueset/valueset-hiv-b-de137.json	768	7	0	0	0	0	0	0	0	6	0	0	0	0	0	0	0	0	0	0	20	433	0	0	0	0	0	0	0
input/vocabulary/valueset/valueset-hiv-b-de143.json	1143	8	0	0	0	0	0	0	0	7	0	0	0	0	0	0	0	0	0	0	23	225	0	0	0	0	0	0	0
input/vocabulary/valueset/valueset-hiv-b-de150.json	2457	8	0	0	0	0	0	0	0	7	0	0	0	0	0	0	0	0	0	0	33	237	0	0	0	0	0	0	0
input/vocabulary/valueset/valueset-hiv-b-de159.json	2206	7	0	0	0	0	0	0	0	7	0	0	0	0	0	0	0	0	0	0	31	248	0	0	0	0	0	0	0
input/vocabulary/valueset/valueset-hiv-b-de16.json	684	7	0	0	0	0	0	0	0	11	0	0	0	0	0	0	0	0	0	0	20	223	0	0	0	0	1	0	0
input/vocabulary/valueset/valueset-hiv-b-de166.json	2878	7	1	0	0	0	0	0	1	8	0	0	0	0	0	0	0	0	0	0	36	274	0	0	0	0	0	0	0
input/vocabulary/valueset/valueset-hiv-b-de173.json	2001	7	0	0	0	0	0	0	0	7	0	0	0	0	0	0	0	0	0	0	30	242	0	0	0	0	0	0	0
input/vocabulary/valueset/valueset-hiv-b-de180.json	943	7	0	0	0	0	0	0	0	12	0	0	0	0	0	0	0	0	0	0	22	228	0	0	0	0	0	0	0
input/vocabulary/valueset/valueset-hiv-b-de19.json	934	7	0	0	0	0	0	0	0	12	0	0	0	0	0	0	0	0	0	0	22	228	0	0	0	0	0	0	0
input/vocabulary/valueset/valueset-hiv-b-de192.json	1328	7	0	0	0	0	0	0	0	9	0	0	0	0	0	0	0	0	0	0	24	232	0	0	0	0	1	0	0
input/vocabulary/valueset/valueset-hiv-b-de2.json	1294	8	0	0	0	0	0	0	0	7	0	0	0	0	0	0	0	0	0	0	24	237	0	0	0	0	0	0	0
input/vocabulary/valueset/valueset-hiv-b-de205.json	681	7	0	0	0	0	0	0	0	6	0	0	0	0	0	0	0	0	0	0	19	215	0	0	0	0	0	0	0
input/vocabulary/valueset/valueset-hiv-b-de208.json	1740	7	0	0	0	0	0	0	0	7	0	0	0	0	0	0	0	0	0	0	31	236	0	0	0	0	0	0	0
input/vocabulary/valueset/valueset-hiv-b-de227.json	1706	7	0	0	0	0	0	0	0	7	0	0	0	0	0	0	0	0	0	0	28	246	0	0	0	0	0	0	0
input/vocabulary/valueset/valueset-hiv-b-de23.json	1773	7	0	0	0	0	0	0	0	9	0	0	0	0	0	0	0	0	0	0	27	246	0	0	0	1	1	0	0
input/vocabulary/valueset/valueset-hiv-b-de238.json	2134	7	0	0	0	0	0	0	0	12	0	0	0	0	0	0	0	0	0	0	29	284	0	0	0	0	0	0	1
input/vocabulary/valueset/valueset-hiv-b-de251.json	1175	7	0	0	0	0	0	0	0	6	0	0	0	0	0	0	0	0	0	0	23	231	0	0	0	0	0	0	0
input/vocabulary/valueset/valueset-hiv-b-de257.json	964	7	0	0	0	0	0	0	1	9	0	0	0	0	0	0	0	0	0	0	22	221	0	0	0	0	0	0	0
input/vocabulary/valueset/valueset-hiv-b-de262.json	1420	7	1	0	0	0	0	0	0	12	0	0	0	0	0	0	0	0	0	0	25	232	0	0	0	0	1	0	0
input/vocabulary/valueset/valueset-hiv-b-de270.json	1590	7	0	0	0	0	0	0	0	7	0	0	0	0	0	0	0	0	0	0	25	242	0	0	0	0	0	0	0
input/vocabulary/valueset/valueset-hiv-b-de277.json	1258	7	0	0	0	0	0	0	0	7	0	0	0	0	0	0	0	0	0	0	23	247	0	0	0	0	0	0	0
input/vocabulary/valueset/valueset-hiv-b-de285.json	1396	7	0	0	0	0	0	0	0	7	0	0	0	0	0	0	0	0	0	0	24	241	0	0	0	0	0	0	0
input/vocabulary/valueset/valueset-hiv-b-de294.json	1258	7	0	0	0	0	0	0	0	6	0	0	0	0	0	0	0	0	0	0	23	231	0	0	0	0	0	0	0
input/vocabulary/valueset/valueset-hiv-b-de302.json	989	7	0	0	0	0	0	0	0	7	0	0	0	0	0	0	0	0	0	0	29	222	0	0	0	0	1	0	0
input/vocabulary/valueset/valueset-hiv-b-de307.json	972	7	0	0	0	0	0	0	0	7	0	0	0	0	0	0	0	0	0	0	21	223	0	0	0	0	0	0	0
input/vocabulary/valueset/valueset-hiv-b-de313.json	943	7	0	0	0	0	0	0	0	7	0	0	0	0	0	0	0	0	0	0	21	228	0	0	0	0	0	0	0
input/vocabulary/valueset/valueset-hiv-b-de318.json	1272	7	0	0	0	0	0	0	0	7	0	0	0	0	0	0	0	0	0	0	23	229	0	0	0	0	0	0	0
input/vocabulary/valueset/valueset-hiv-b-de326.json	981	7	0	0	0	0	0	0	0	7	0	0	0	0	0	0	0	0	0	0	21	235	0	0	0	0	0	0	0
input/vocabulary/valueset/valueset-hiv-b-de34.json	760	7	0	0	0	0	0	0	0	6	0	0	0	0	0	0	0	0	0	0	20	221	0	0	0	0	0	0	0
input/vocabulary/valueset/valueset-hiv-b-de38.json	1006	7	1	0	1	0	0	0	0	6	0	0	0	0	0	0	0	0	0	0	22	222	0	0	0	0	1	0	0
input/vocabulary/valueset/valueset-hiv-b-de51.json	1359	7	0	0	0	0	0	0	0	7	0	0	0	0	0	0	0	0	0	0	23	225	0	0	0	0	0	0	0
input/vocabulary/valueset/valueset-hiv-b-de6.json	771	7	0	0	0	0	0	0	0	7	0	0	0	0	0	0	0	0	0	0	21	215	0	0	0	0	0	0	0
input/vocabulary/valueset/valueset-hiv-b-de62.json	766	7	0	0	0	0	0	0	0	6	0	0	0	0	0	0	0	0	0	0	19	216	0	0	0	0	0	0	0
input/vocabulary/valueset/valueset-hiv-b-de69.json	629	7	0	0	0	0	0	0	0	6	0	0	0	0	0	0	0	0	0	0	24	213	0	0	0	0	1	0	0
input/vocabulary/valueset/valueset-hiv-b-de75.json	845	7	0	0	0	0	0	0	0	7	0	0	0	0	0	0	0	0	0	0	21	217	0	0	0	0	0	0	0
input/vocabulary/valueset/valueset-hiv-b-de82.json	942	7	0	0	0	0	0	0	0	6	1	0	0	0	0	0	0	0	0	0	21	220	0	0	0	0	0	0	0
input/vocabulary/valueset/valueset-hiv-b-de9.json	907	7	0	0	0	0	0	0	0	6	0	0	0	0	0	0	0	1	0	0	21	225	0	0	0	0	1	0	0
input/vocabulary/valueset/valueset-hiv-b-de95.json	966	7	0	0	0	0	0	0	0	7	0	0	0	0	0	0	0	0	0	0	23	225	0	0	0	0	0	0	0
input/vocabulary/valueset/valueset-hiv-b-de99.json	968	7	0	0	0	0	0	0	1	7	0	0	0	0	0	0	0	0	0	0	21	222	0	0	0	0	0	0	0
input/vocabulary/valueset/valueset-hiv-c-de100.json	596	7	1	0	0	0	0	0	0	6	0	0	0	0	0	0	0	0	0	0	18	213	0	0	0	0	0	0	0
input/vocabulary/valueset/valueset-hiv-c-de102.json	809	7	0	0	0	0	0	0	0	12	0	0	0	0	0	0	0	0	0	0	21	220	0	0	0	0	0	0	0
input/vocabulary/valueset/valueset-hiv-c-de108.json	731	7	0	0	0	0	0	0	0	7	0	0	0	0	0	0	0	0	0	0	19	217	0	0	0	0	0	0	0
input/vocabulary/valueset/valueset-hiv-c-de113.json	1169	7	0	0	0	0	0	0	0	6	0	0	0	0	0	0	0	0	0	0	23	220	0	0	0	0	0	0	0
input/vocabulary/valueset/valueset-hiv-c-de12.json	755	7	0	0	0	0	0	0	0	7	0	0	0	0	0	0	0	0	0	0	21	217	0	0	0	0	1	0	0
input/vocabulary/valueset/valueset-hiv-c-de139.json	644	7	0	0	0	0	0	0	0	6	0	0	0	0	0	0	0	0	0	0	19	271	0	0	0	0	0	0	0
input/vocabulary/valueset/valueset-hiv-c-de144.json	949	7	0	0	0	0	0	0	0	10	0	0	0	0	0	0	0	0	0	0	21	232	0	0	0	0	0	0	0
input/vocabulary/valueset/valueset-hiv-c-de18.json	973	7	0	0	0	0	0	0	0	8	0	0	0	0	0	0	0	0	0	0	21	237	0	0	0	0	0	0	0
input/vocabulary/valueset/valueset-hiv-c-de2.json	960	7	0	0	0	0	0	0	0	6	0	0	0	0	0	0	0	0	0	0	23	219	0	0	0	0	0	0	0
input/vocabulary/valueset/valueset-hiv-c-de25.json	783	7	1	0	0	0	0	0	0	7	0	0	0	0	0	0	0	0	0	0	19	217	0	0	0	0	0	0	0
input/vocabulary/valueset/valueset-hiv-c-de32.json	642	7	0	0	0	0	0	0	0	6	0	0	0	0	0	0	0	0	0	0	20	213	0	0	0	0	0	0	0
input/vocabulary/valueset/valueset-hiv-c-de37.json	1466	7	0	0	0	0	0	0	0	7	0	0	0	0	0	0	0	0	0	0	25	233	0	0	0	0	1	0	0
input/vocabulary/valueset/valueset-hiv-c-de42.json	944	7	0	0	0	0	0	0	0	6	0	0	0	0	0	0	0	0	0	0	21	213	0	0	0	0	0	0	0
input/vocabulary/valueset/valueset-hiv-c-de47.json	1107	7	0	0	0	0	0	0	0	7	0	0	0	0	0	0	0	0	0	0	27	219	0	0	0	0	0	0	0
input/vocabulary/valueset/valueset-hiv-c-de56.json	1051	7	0	0	0	0	0	0	0	6	0	0	0	0	0	0	0	0	0	0	23	216	0	0	0	0	0	0	0
input/vocabulary/valueset/valueset-hiv-c-de64.json	1150	7	0	0	0	0	0	0	0	7	0	0	0	0	0	0	0	0	0	0	24	221	0	0	0	0	0	0	0
input/vocabulary/valueset/valueset-hiv-c-de76.json	762	7	0	0	0	0	0	0	0	6	0	0	0	0	0	0	0	0	0	0	22	229	0	0	0	0	0	0	0
input/vocabulary/valueset/valueset-hiv-c-de81.json	826	7	0	0	0	0	0	0	0	6	0	0	0	0	0	0	0	0	0	0	21	237	0	0	0	0	1	0	0
input/vocabulary/valueset/valueset-hiv-c-de92.json	761	7	0	0	0	0	0	0	0	11	0	0	0	0	0	0	0	0	0	0	22	216	0	0	0	0	0	0	0
input/vocabulary/valueset/valueset-hiv-c-de96.json	767	7	0	0	0	0	0	0	0	6	0	0	0	0	0	0	0	0	0	0	22	215	0	0	0	0	0	0	0
input/vocabulary/valueset/valueset-hiv-config-de13.json	720	7	0	0	0	0	0	0	0	6	0	0	0	0	0	0	0	0	0	0	23	223	0	0	0	0	0	0	0
input/vocabulary/valueset/valueset-hiv-d-de1003.json	984	7	1	0	0	0	0	0	0	7	0	0	0	0	0	0	0	0	0	0	22	223	0	0	1	0	0	0	0
input/vocabulary/valueset/valueset-hiv-d-de1011.json	1007	7	0	0	0	0	0	0	0	7	0	0	0	0	0	0	0	0	0	0	21	219	0	0	0	0	0	0	0
input/vocabulary/valueset/valueset-hiv-d-de1020.json	753	7	0	0	0	0	0	0	0	7	0	0	0	0	0	0	0	0	0	0	20	216	0	0	0	0	0	0	0
input/vocabulary/valueset/valueset-hiv-d-de1029.json	916	7	0	0	0	0	0	0	1	7	0	0	0	0	0	0	0	0	0	0	21	219	0	0	0	0	1	0	0
input/vocabulary/valueset/valueset-hiv-d-de1035.json	947	7	0	0	0	0	0	0	0	7	0	0	0	0	0	0	0	0	0	0	21	221	0	0	0	0	0	0	0
input/vocabulary/valueset/valueset-hiv-d-de129.json	1672	7	0	0	0	0	0	0	0	7	0	0	0	0	0	0	0	0	0	0	27	231	0	0	0	0	0	0	1
input/vocabulary/valueset/valueset-hiv-d-de147.json	864	7	0	0	0	0	0	0	0	6	0	0	0	0	0	0	0	0	0	0	21	217	0	0	0	0	0	0	0
input/vocabulary/valueset/valueset-hiv-d-de163.json	948	7	0	0	0	0	0	0	0	7	0	0	0	0	0	0	0	0	0	0	27	221	0	0	0	0	0	0	0
input/vocabulary/valueset/valueset-hiv-d-de171.json	942	7	0	0	0	0	0	0	0	7	0	0	0	0	0	0	0	0	0	0	22	226	0	0	0	0	0	0	0
input/vocabulary/valueset/valueset-hiv-d-de18.json	1472	7	0	0	0	0	0	0	0	10	0	0	0	0	0	0	0	0	0	0	24	229	0	0	0	0	1	0	0
input/vocabulary/valueset/valueset-hiv-d-de180.json	828	7	0	0	0	0	0	0	0	6	0	0	0	0	0	0	0	0	0	0	28	216	0	0	0	0	0	0	0
input/vocabulary/valueset/valueset-hiv-d-de183.json	671	7	1	0	0	0	0	0	0	6	0	0	0	0	0	0	0	0	0	0	20	213	0	0	0	0	0	0	0
input/vocabulary/valueset/valueset-hiv-d-de187.json	864	7	0	0	0	0	0	0	0	7	0	0	0	0	0	0	0	0	0	0	21	218	0	0	0	0	0	0	0
input/vocabulary/valueset/valueset-hiv-d-de198.json	3328	8	0	0	0	0	0	0	0	8	0	0	0	0	0	0	0	0	0	0	39	267	0	0	0	0	0	0	0
input/vocabulary/valueset/valueset-hiv-d-de218.json	1578	8	0	0	0	0	0	0	0	7	0	0	0	0	0	0	0	0	0	0	25	237	0	0	0	0	1	0	0
input/vocabulary/valueset/valueset-hiv-d-de226.json	758	7	0	0	0	0	0	0	0	7	0	0	0	0	0	0	0	0	0	0	19	216	0	0	0	0	0	0	0
input/vocabulary/valueset/valueset-hiv-d-de230.json	2283	7	0	0	0	0	0	0	0	7	0	0	0	0	0	0	0	0	0	0	31	236	0	0	0	0	0	0	0
input/vocabulary/valueset/valueset-hiv-d-de248.json	1668	7	0	0	0	0	0	0	0	7	0	0	0	0	0	0	0	0	0	0	25	243	0	0	0	0	0	0	0
input/vocabulary/valueset/valueset-hiv-d-de260.json	2911	7	0	0	0	0	0	0	0	7	0	0	0	0	0	0	0	0	0	0	37	362	0	0	0	0	1	0	0
input/vocabulary/valueset/valueset-hiv-d-de290.json	7976	7	1	0	0	0	0	0	1	10	0	0	0	0	0	0	0	0	0	0	76	325	0	0	0	0	1	0	0
input/vocabulary/valueset/valueset-hiv-d-de359.json	881	7	0	0	0	0	0	0	0	7	0	0	0	0	0	0	0	0	0	0	21	217	0	0	0	0	0	0	0
input/vocabulary/valueset/valueset-hiv-d-de371.json	1528	9	0	0	0	0	0	0	0	6	0	0	0	0	0	0	0	0	0	0	27	227	0	0	0	0	0	0	0
input/vocabulary/valueset/valueset-hiv-d-de384.json	792	13	0	0	0	0	0	0	0	7	0	0	0	0	0	0	0	0	0	0	20	215	0	0	0	0	0	0	0
input/vocabulary/valueset/valueset-hiv-d-de392.json	949	7	0	0	0	0	0	0	0	6	0	0	0	0	0	0	0	0	0	0	21	217	0	0	0	0	1	0	0
input/vocabulary/valueset/valueset-hiv-d-de400.json	1644	7	0	0	0	0	0	0	0	7	0	0	0	0	0	0	0	0	0	0	26	229	0	0	0	0	0	0	0
input/vocabulary/valueset/valueset-hiv-d-de419.json	1152	7	0	0	0	0	0	0	0	6	0	0	0	0	0	0	0	0	0	0	22	223	0	0	0	0	0	0	0
input/vocabulary/valueset/valueset-hiv-d-de431.json	859	7	1	0	0	0	0	0	0	7	0	0	0	0	0	0	0	0	0	0	20	218	0	0	0	0	0	0	0
input/vocabulary/valueset/valueset-hiv-d-de44.json	660	7	0	0	0	0	0	0	0	6	0	0	0	0	0	0	0	0	0	0	19	214	0	0	0	0	0	0	0
input/vocabulary/valueset/valueset-hiv-d-de447.json	699	8	0	0	0	0	0	0	0	6	0	0	0	0	0	0	0	0	0	0	20	211	0	0	0	0	0	0	0
input/vocabulary/valueset/valueset-hiv-d-de450.json	950	7	0	0	0	0	0	0	0	6	0	0	0	0	0	0	0	0	0	0	23	220	0	0	0	0	0	0	0
input/vocabulary/valueset/valueset-hiv-d-de467.json	1625	7	0	0	0	0	0	0	0	7	0	0	0	0	0	0	0	0	0	0	26	234	0	0	0	0	1	0	0
input/vocabulary/valueset/valueset-hiv-d-de533.json	773	7	0	0	0	0	0	0	0	7	0	0	0	0	0	0	0	0	0	0	20	214	0	0	0	0	0	0	0
input/vocabulary/valueset/valueset-hiv-d-de538.json	2226	7	1	0	0	0	0	0	0	7	0	0	0	0	0	0	0	0	0	0	30	264	0	0	0	0	0	0	0
input/vocabulary/valueset/valueset-hiv-d-de561.json	1097	7	0	0	0	0	0	0	0	7	0	0	0	0	0	0	0	0	0	0	24	232	0	0	0	0	0	0	0
input/vocabulary/valueset/valueset-hiv-d-de57.json	1106	7	0	0	0	0	0	0	0	6	0	0	0	0	0	0	0	0	0	0	23	233	0	0	0	0	0	0	0
input/vocabulary/valueset/valueset-hiv-d-de570.json	2636	7	0	0	0	0	0	0	0	8	0	0	0	0	0	0	0	0	0	0	34	266	0	0	0	0	1	0	0
input/vocabulary/valueset/valueset-hiv-d-de594.json	1104	7	0	0	0	0	0	0	1	6	0	0	0	0	0	0	0	0	0	0	22	219	0	0	0	0	0	0	0
input/vocabulary/valueset/valueset-hiv-d-de611.json	2446	7	0	0	0	0	0	0	0	8	0	0	0	0	0	0	0	0	0	0	33	249	0	0	0	0	0	0	0
input/vocabulary/valueset/valueset-hiv-d-de637.json	976	7	0	0	0	0	0	0	0	7	0	0	0	0	0	0	0	0	0	0	22	220	0	0	0	0	1	0	0
input/vocabulary/valueset/valueset-hiv-d-de647.json	889	7	0	0	0	0	0	0	0	6	0	0	0	0	0	0	0	0	0	0	21	216	0	0	0	0	0	0	0
input/vocabulary/valueset/valueset-hiv-d-de659.json	872	7	0	0	0	0	0	0	0	6	0	0	0	0	0	0	0	0	0	0	29	217	0	0	0	0	0	0	0
input/vocabulary/valueset/valueset-hiv-d-de66.json	1146	7	0	0	0	0	0	0	0	7	0	0	0	0	0	0	0	0	0	0	24	218	0	0	0	0	0	0	0
input/vocabulary/valueset/valueset-hiv-d-de665.json	804	8	0	0	0	0	0	0	0	6	0	0	0	0	0	0	0	0	0	0	20	213	0	0	0	0	0	0	0
input/vocabulary/valueset/valueset-hiv-d-de669.json	873	7	1	0	0	0	0	0	0	6	0	0	0	0	0	0	0	0	0	0	19	228	0	0	0	0	0	0	0
input/vocabulary/valueset/valueset-hiv-d-de674.json	998	7	0	0	0	0	0	0	0	7	0	0	0	0	0	0	0	0	0	0	22	215	0	0	0	0	0	0	0
input/vocabulary/valueset/valueset-hiv-d-de682.json	915	7	0	0	0	0	0	0	0	6	0	0	0	0	0	0	0	0	0	0	21	216	0	0	0	0	1	0	1
input/vocabulary/valueset/valueset-hiv-d-de689.json	661	7	0	0	0	0	0	0	0	7	0	0	0	0	0	0	0	0	0	0	23	213	0	0	0	0	0	0	0
input/vocabulary/valueset/valueset-hiv-d-de692.json	1003	7	0	0	0	0	0	0	0	6	0	0	0	0	0	0	0	1	0	0	21	214	0	0	0	0	0	0	0
input/vocabulary/valueset/valueset-hiv-d-de698.json	925	7	0	0	0	0	0	0	0	7	0	0	0	0	0	0	0	0	0	0	21	219	0	0	0	0	0	0	0
input/vocabulary/valueset/valueset-hiv-d-de707.json	762	7	0	0	0	0	0	0	0	6	0	0	0	0	0	0	0	0	0	0	21	218	0	0	0	0	0	0	0
input/vocabulary/valueset/valueset-hiv-d-de710.json	711	7	0	0	0	0	0	0	0	6	0	0	0	0	0	0	0	0	0	0	20	214	0	0	0	0	0	0	0
input/vocabulary/valueset/valueset-hiv-d-de713.json	917	7	0	0	0	0	0	0	0	6	0	0	0	0	0	0	0	0	0	0	23	218	0	0	0	0	0	0	0
input/vocabulary/valueset/valueset-hiv-d-de720.json	1120	7	0	0	0	0	0	0	0	7	0	0	0	0	0	0	0	0	0	0	22	221	0	0	0	0	1	0	0
input/vocabulary/valueset/valueset-hiv-d-de732.json	1207	7	1	0	0	0	0	0	0	7	0	0	0	0	0	0	0	0	0	0	24	226	0	0	0	0	0	0	0
input/vocabulary/valueset/valueset-hiv-d-de765.json	1054	7	0	0	0	0	0	0	0	6	0	0	0	0	0	0	0	0	0	0	22	221	0	0	0	0	0	0	0
input/vocabulary/valueset/valueset-hiv-d-de84.json	1206	7	0	0	0	0	0	0	0	7	0	0	0	0	0	0	0	0	0	0	23	217	0	0	0	0	0	0	0
input/vocabulary/valueset/valueset-hiv-d-de894.json	717	7	0	0	0	0	0	0	0	6	0	0	0	0	0	0	0	0	0	0	19	213	0	0	0	0	0	0	0
input/vocabulary/valueset/valueset-hiv-d-de898.json	885	7	0	0	0	0	0	0	0	6	0	0	0	0	0	0	0	0	0	0	20	216	0	0	0	0	0	0	0
input/vocabulary/valueset/valueset-hiv-d-de904.json	2714	7	0	0	0	0	0	0	1	9	0	0	0	0	0	0	0	0	0	0	34	265	0	0	0	0	1	0	0
input/vocabulary/valueset/valueset-hiv-d-de91.json	3367	7	0	0	0	0	0	0	0	7	0	0	0	0	0	0	0	0	0	0	37	273	0	0	0	0	0	0	0
input/vocabulary/valueset/valueset-hiv-d-de940.json	666	7	0	0	0	0	0	0	0	7	0	0	0	0	0	0	0	0	0	0	20	215	0	0	0	0	0	0	0
input/vocabulary/valueset/valueset-hiv-d-de943.json	698	8	0	0	0	0	0	0	0	6	0	0	0	0	0	0	0	0	0	0	21	214	0	0	0	0	0	0	0
input/vocabulary/valueset/valueset-hiv-d-de948.json	806	7	0	0	0	0	0	0	0	7	0	0	0	0	0	0	0	0	0	0	22	217	0	0	0	0	1	0	0
input/vocabulary/valueset/valueset-hiv-d-de957.json	1946	7	1	0	0	0	0	0	0	7	0	0	0	0	0	0	0	0	0	0	29	228	0	0	0	0	0	0	0
input/vocabulary/valueset/valueset-hiv-d-de974.json	1367	7	0	0	0	0	0	0	0	7	0	0	0	0	0	0	0	0	0	0	24	225	0	0	0	0	0	0	0
input/vocabulary/valueset/valueset-hiv-d-de987.json	763	7	0	0	0	0	0	0	0	6	0	0	0	0	0	0	0	0	0	0	20	236	0	0	0	0	0	0	0
input/vocabulary/valueset/valueset-hiv-d-de993.json	869	7	0	0	0	0	0	0	0	7	0	0	0	0	0	0	0	0	0	0	20	228	0	0	0	0	0	0	0
input/vocabulary/valueset/valueset-hiv-e-de105.json	761	7	0	0	0	0	0	0	0	6	0	0	0	0	0	0	0	0	0	0	21	214	0	0	0	0	0	0	0
input/vocabulary/valueset/valueset-hiv-e-de109.json	782	7	0	0	0	0	0	0	0	6	0	0	0	0	0	0	0	0	0	0	20	215	0	0	0	0	1	0	0
input/vocabulary/valueset/valueset-hiv-e-de128.json	776	7	0	0	0	0	0	0	0	7	0	0	0	0	0	0	0	0	0	0	21	214	0	0	0	0	0	0	0
input/vocabulary/valueset/valueset-hiv-e-de137.json	711	7	0	0	0	0	0	0	0	6	0	0	0	0	0	0	0	0	0	0	19	215	0	0	0	0	0	0	0
input/vocabulary/valueset/valueset-hiv-e-de142.json	738	7	0	0	0	0	0	0	0	6	0	0	0	0	0	0	0	0	0	0	19	216	0	0	0	0	0	0	0
input/vocabulary/valueset/valueset-hiv-e-de146.json	791	7	0	0	0	0	0	0	0	7	0	0	0	0	0	0	0	0	0	0	20	214	0	0	0	0	0	0	0
input/vocabulary/valueset/valueset-hiv-e-de150.json	764	7	1	0	0	0	0	0	0	6	0	0	0	0	0	0	0	0	0	0	20	214	0	0	0	0	0	0	0
input/vocabulary/valueset/valueset-hiv-e-de168.json	1007	7	0	0	0	0	0	0	0	7	0	0	0	0	0	0	0	0	0	0	23	216	0	0	0	0	0	0	0
input/vocabulary/valueset/valueset-hiv-e-de174.json	834	10	0	0	0	0	0	0	0	6	0	0	0	0	0	0	0	0	0	0	21	216	0	0	0	0	0	0	0
input/vocabulary/valueset/valueset-hiv-e-de18.json	1973	8	1	0	0	0	0	0	0	8	0	0	0	0	0	0	0	0	0	0	29	240	0	0	0	0	1	0	0
input/vocabulary/valueset/valueset-hiv-e-de187.json	763	7	0	0	0	0	0	0	0	6	0	0	0	0	0	0	0	0	0	0	21	212	0	0	0	0	0	0	0
input/vocabulary/valueset/valueset-hiv-e-de191.json	763	7	0	0	0	0	0	0	0	6	0	0	0	0	0	0	0	0	0	0	20	215	0	0	0	0	0	0	0
input/vocabulary/valueset/valueset-hiv-e-de217.json	767	7	0	0	0	0	0	0	0	7	0	0	0	0	0	0	0	0	0	0	20	213	0	0	0	0	0	0	0
input/vocabulary/valueset/valueset-hiv-e-de221.json	793	7	0	0	0	0	0	0	0	6	0	0	0	0	0	0	0	0	0	0	21	218	0	0	0	0	0	0	0
input/vocabulary/valueset/valueset-hiv-e-de226.json	732	7	0	0	0	0	0	0	1	6	0	0	0	0	0	0	0	0	0	0	21	214	0	0	0	0	0	0	0
input/vocabulary/valueset/valueset-hiv-e-de231.json	828	7	0	0	0	0	0	0	0	7	0	0	0	0	0	0	0	0	0	0	21	218	0	0	0	0	1	0	0
input/vocabulary/valueset/valueset-hiv-e-de235.json	936	7	0	0	0	0	0	0	0	6	0	0	0	0	0	0	0	0	0	0	21	216	0	0	0	0	0	0	0
input/vocabulary/valueset/valueset-hiv-e-de247.json	1061	7	0	0	0	0	0	0	0	7	0	0	0	0	0	0	0	0	0	0	22	219	0	0	0	0	0	0	0
input/vocabulary/valueset/valueset-hiv-e-de256.json	795	7	0	0	0	0	0	0	0	7	0	0	0	0	0	0	0	0	0	0	19	229	0	0	0	0	0	0	0
input/vocabulary/valueset/valueset-hiv-e-de260.json	795	7	1	0	0	0	0	0	0	6	0	0	0	0	0	0	0	0	0	0	20	216	0	0	0	0	0	0	0
input/vocabulary/valueset/valueset-hiv-e-de265.json	1307	7	0	0	0	0	0	0	0	7	0	0	0	0	0	0	0	0	0	0	26	229	0	0	0	0	0	0	0
input/vocabulary/valueset/valueset-hiv-e-de42.json	828	7	0	0	0	0	0	0	0	7	0	0	0	0	0	0	0	0	0	0	22	213	0	0	0	0	0	0	0
input/vocabulary/valueset/valueset-hiv-e-de48.json	824	7	0	0	0	0	0	0	0	6	0	0	0	0	0	0	0	0	0	0	19	221	0	0	0	0	1	0	0
input/vocabulary/valueset/valueset-hiv-e-de53.json	781	7	0	0	0	0	0	0	0	6	0	0	0	0	0	0	0	0	0	0	21	214	0	0	0	0	0	0	0
input/vocabulary/valueset/valueset-hiv-e-de63.json	779	7	0	0	0	0	0	0	0	7	0	0	0	0	0	0	0	0	0	0	21	213	0	0	0	0	0	0	0
input/vocabulary/valueset/valueset-hiv-e-de68.json	720	7	0	0	0	0	0	0	0	6	0	0	0	0	0	0	0	0	0	0	20	213	0	0	0	0	0	0	0
input/vocabulary/valueset/valueset-hiv-e-de7.json	803	7	0	0	0	0	0	0	0	6	0	0	0	0	0	0	0	0	0	0	21	221	0	0	0	0	0	0	0
input/vocabulary/valueset/valueset-hiv-e-de92.json	708	7	0	0	0	0	0	0	0	7	0	0	0	0	0	0	0	0	0	0	19	216	0	0	0	0	0	0	0
input/vocabulary/valueset/valueset-hiv-g-de14.json	844	7	0	0	0	0	0	0	0	6	0	0	0	0	0	0	0	0	0	0	20	212	0	0	0	0	0	0	0
input/vocabulary/valueset/valueset-hiv-g-de23.json	1036	9	1	0	0	0	0	0	0	7	0	0	0	0	0	0	0	0	0	0	30	215	0	0	0	0	1	0	1
input/vocabulary/valueset/valueset-hiv-g-de30.json	685	7	0	0	0	0	0	0	0	6	0	0	0	0	0	0	0	0	0	0	19	215	0	0	0	0	0	0	0
input/vocabulary/valueset/valueset-hiv-g-de36.json	1021	7	0	0	0	0	0	0	0	6	0	0	0	0	0	0	0	0	0	0	21	217	0	0	0	0	0	0	0
input/vocabulary/valueset/valueset-hiv-g-de52.json	685	7	0	0	0	0	0	0	0	7	0	0	0	0	0	0	0	0	0	0	19	218	0	0	0	0	0	0	0
input/vocabulary/valueset/valueset-hiv-g-de63.json	1013	7	0	0	0	0	0	0	0	7	0	0	0	0	0	0	0	0	0	0	24	218	0	0	0	0	0	0	0
input/vocabulary/valueset/valueset-hiv-g-de75.json	671	7	0	0	0	0	0	0	0	6	0	0	0	0	0	0	0	0	0	0	22	224	0	0	0	0	0	0	0
input/vocabulary/valueset/valueset-hiv-h-de14.json	715	7	0	0	0	0	0	0	0	6	0	0	0	0	0	0	0	0	0	0	23	214	0	0	0	0	0	0	0
input/vocabulary/valueset/valueset-hiv-h-de18.json	863	7	0	0	0	0	0	0	0	7	0	0	0	0	0	0	0	0	0	0	20	220	0	0	0	0	0	0	0
input/vocabulary/valueset/valueset-hiv-h-de2.json	1090	7	0	0	0	0	0	0	0	6	0	0	0	0	0	0	0	0	0	0	22	232	0	0	0	0	1	0	0
input/vocabulary/valueset/valueset-hiv-h-de24.json	1014	7	0	0	0	0	0	0	0	7	0	0	0	0	0	0	0	0	0	0	21	224	0	0	0	0	0	0	0
input/vocabulary/valueset/valueset-hiv-h-de35.json	782	7	1	0	0	0	0	0	0	6	0	0	0	0	0	0	0	0	0	0	19	211	0	0	0	0	0	0	0
input/vocabulary/valueset/valueset-hiv-h-de42.json	848	7	0	0	0	0	0	0	0	7	0	0	0	0	0	0	0	0	0	0	20	217	0	0	0	0	0	0	0
input/vocabulary/valueset/valueset-hiv-i-de3.json	958	7	0	0	0	0	0	0	0	7	0	0	0	0	0	0	0	0	0	0	21	232	0	0	0	0	0	0	0
input/vocabulary/valueset/valueset-hiv-prv-de12.json	748	7	0	0	0	0	0	0	1	6	0	0	0	0	0	0	0	0	0	0	19	216	0	0	0	0	0	0	0
input/vocabulary/valueset/valueset-hiv-prv-de3.json	963	7	0	0	0	0	0	0	0	7	0	0	0	0	0	0	0	0	0	0	21	216	0	0	0	0	0	0	0
